{
  "bh_percent": 66.66666666666666,
  "fh_percent": 33.33333333333333,
  "key": "process_tennis_video/c6a65ca2-70bd-44ab-b794-b12c9b55ddc2.mp4",
  "n_contacts": 4,
  "net_clearance": 9.464689125799255
}
